"pid","platform","dog","pre","post"
1,"async","no dog",2,1
2,"sync","no dog",3,3
3,"sync","dog",4,4
4,"async","no dog",3,2
5,"sync","dog",3,2
6,"sync","no dog",2,2
7,"async","no dog",3,3
8,"sync","no dog",1,1
9,"async","dog",3,4
10,"async","no dog",3,2
11,"async","dog",5,3
12,"async","dog",3,1
13,"async","dog",2,1
14,"sync","dog",3,2
15,"sync","no dog",2,1
16,"sync","dog",4,3
17,"sync","dog",4,3
18,"sync","dog",2,1
19,"async","no dog",3,2
20,"sync","dog",4,3
21,"async","dog",3,1
22,"async","dog",2,2
23,"async","dog",4,3
24,"sync","dog",3,2
25,"sync","no dog",3,1
26,"async","dog",2,1
27,"sync","no dog",4,2
28,"sync","no dog",3,1
29,"async","no dog",2,1
30,"async","dog",4,1
31,"async","no dog",3,1
32,"async","no dog",4,2
33,"sync","no dog",2,1
34,"async","no dog",3,1
35,"async","no dog",4,3
36,"sync","dog",4,2
37,"sync","no dog",3,1
38,"async","dog",4,3
39,"async","dog",4,2
40,"async","dog",5,3
41,"async","no dog",1,1
42,"async","dog",2,1
43,"sync","dog",4,3
44,"async","no dog",3,2
45,"async","dog",2,1
46,"async","no dog",1,1
47,"async","no dog",2,1
48,"async","dog",3,2
49,"async","no dog",3,1
50,"sync","dog",5,5
51,"async","no dog",2,1
52,"sync","no dog",4,2
53,"async","no dog",2,1
54,"async","no dog",2,1
55,"async","no dog",2,2
56,"async","dog",3,2
57,"async","no dog",3,3
58,"sync","dog",4,4
59,"async","no dog",3,2
60,"async","dog",3,2
61,"sync","dog",4,4
62,"sync","dog",3,1
63,"async","no dog",3,2
64,"async","dog",4,2
65,"async","dog",2,1
66,"async","dog",5,3
67,"async","dog",3,1
68,"async","dog",3,2
69,"async","dog",3,1
70,"async","no dog",3,2
71,"sync","no dog",3,2
72,"sync","no dog",3,1
73,"sync","no dog",4,2
74,"async","dog",3,1
75,"sync","no dog",4,2
76,"sync","no dog",4,3
77,"sync","dog",4,3
78,"sync","dog",4,3
79,"async","no dog",5,5
80,"async","dog",2,1
81,"async","dog",4,2
82,"async","dog",3,1
83,"async","dog",3,2
84,"async","dog",3,2
85,"async","no dog",4,3
86,"async","dog",3,3
87,"async","dog",4,4
88,"async","no dog",4,2
89,"sync","no dog",2,1
90,"async","dog",2,2
91,"async","dog",2,3
92,"async","dog",4,3
93,"sync","no dog",4,1
94,"sync","dog",3,1
95,"sync","dog",3,1
96,"async","dog",3,2
97,"async","no dog",4,2
98,"sync","dog",4,2
99,"sync","no dog",3,1
100,"async","dog",3,1
101,"sync","dog",4,4
102,"async","no dog",4,3
103,"sync","no dog",4,2
104,"sync","no dog",3,2
105,"async","no dog",2,1
106,"async","dog",3,1
107,"async","dog",4,2
108,"sync","no dog",4,3
109,"async","no dog",2,1
110,"sync","dog",3,2
111,"sync","dog",4,3
112,"sync","dog",4,3
113,"sync","dog",4,3
114,"sync","dog",4,2
115,"async","dog",1,1
116,"async","dog",3,2
117,"async","no dog",4,3
118,"sync","no dog",4,3
119,"async","dog",1,1
120,"sync","dog",4,2
121,"sync","no dog",5,2
122,"sync","no dog",4,3
123,"async","dog",4,2
124,"sync","dog",4,2
125,"async","no dog",1,1
126,"async","dog",4,3
127,"sync","dog",4,4
128,"sync","no dog",4,3
