"pid","condition","stress"
6502,"Direct",2
7192,"Direct",2
2013,"Handler Only",4
9752,"Indirect",2
7603,"Handler Only",3
1541,"Direct",1
7074,"Direct",1
2683,"Indirect",2
3373,"Handler Only",1
7285,"Direct",3
8628,"Direct",1
7832,"Direct",3
5874,"Handler Only",3
3202,"Direct",4
9012,"Direct",1
4582,"Handler Only",4
1771,"Direct",1
5986,"Indirect",3
6331,"Handler Only",5
1901,"Handler Only",3
1117,"Direct",3
1874,"Direct",3
3609,"Direct",2
4779,"Indirect",2
9085,"Handler Only",3
9231,"Handler Only",3
7132,"Indirect",3
2102,"Handler Only",3
2541,"Indirect",2
3170,"Handler Only",4
4911,"Handler Only",3
4802,"Direct",2
1060,"Direct",2
3460,"Indirect",3
1587,"Indirect",2
6721,"Handler Only",2
5841,"Direct",2
7332,"Indirect",1
4909,"Handler Only",2
1140,"Direct",2
5365,"Handler Only",4
9671,"Indirect",1
5237,"Direct",2
5668,"Indirect",2
5847,"Direct",1
8161,"Handler Only",4
6569,"Handler Only",1
2170,"Indirect",1
1460,"Direct",2
7574,"Indirect",1
8679,"Indirect",2
1958,"Handler Only",2
3016,"Indirect",3
8810,"Indirect",2
1933,"Handler Only",4
6379,"Direct",2
9633,"Handler Only",3
5051,"Handler Only",2
8668,"Direct",2
2257,"Handler Only",3
1584,"Indirect",3
9677,"Direct",3
5266,"Indirect",3
9500,"Direct",2
3221,"Direct",2
1078,"Handler Only",2
8611,"Indirect",2
5233,"Direct",2
2314,"Indirect",2
8122,"Indirect",3
4868,"Indirect",1
1477,"Indirect",3
4495,"Handler Only",3
2990,"Indirect",1
5388,"Indirect",3
9254,"Indirect",2
3890,"Direct",2
2189,"Direct",3
7911,"Direct",3
5264,"Handler Only",4
6866,"Indirect",4
8904,"Indirect",1
2110,"Direct",1
2451,"Indirect",5
5835,"Handler Only",4
5402,"Handler Only",4
2982,"Handler Only",2
5535,"Direct",4
1633,"Handler Only",4
4175,"Indirect",2
6384,"Handler Only",3
8027,"Indirect",2
1809,"Indirect",3
2045,"Indirect",2
6711,"Indirect",3
9731,"Indirect",2
9204,"Direct",1
9764,"Handler Only",4
6560,"Indirect",4
1165,"Direct",2
8564,"Indirect",1
9049,"Direct",2
2690,"Direct",1
7201,"Indirect",1
1215,"Indirect",2
1577,"Handler Only",1
7405,"Handler Only",3
4250,"Direct",1
2737,"Direct",2
2130,"Indirect",3
3933,"Indirect",3
7925,"Direct",3
2677,"Direct",1
8241,"Direct",3
6551,"Indirect",4
7673,"Direct",2
1622,"Handler Only",4
7010,"Indirect",3
3323,"Handler Only",3
2724,"Indirect",3
4938,"Indirect",2
5765,"Handler Only",3
1612,"Direct",2
9786,"Handler Only",1
1130,"Handler Only",1
4726,"Direct",2
7983,"Direct",2
5708,"Indirect",3
5732,"Direct",2
9799,"Handler Only",2
1297,"Handler Only",4
3901,"Handler Only",3
4788,"Direct",3
7606,"Direct",2
5134,"Indirect",2
4959,"Direct",3
1478,"Handler Only",3
2825,"Indirect",3
9354,"Handler Only",4
1528,"Indirect",2
6033,"Handler Only",5
4971,"Handler Only",4
5629,"Handler Only",3
9679,"Indirect",1
2093,"Indirect",3
3743,"Handler Only",2
7677,"Handler Only",4
3241,"Indirect",5
5870,"Indirect",1
5959,"Handler Only",2
9686,"Direct",3
3145,"Handler Only",2
9442,"Direct",2
6851,"Indirect",4
6819,"Direct",3
1521,"Indirect",3
8419,"Direct",2
4989,"Handler Only",3
4474,"Indirect",4
4075,"Indirect",4
9351,"Handler Only",4
4047,"Direct",2
7900,"Handler Only",2
2937,"Indirect",2
9625,"Handler Only",1
4384,"Handler Only",3
9971,"Handler Only",3
9137,"Indirect",2
5972,"Handler Only",2
6227,"Handler Only",3
3948,"Indirect",1
3250,"Indirect",2
5323,"Handler Only",2
9018,"Direct",1
9852,"Direct",2
2750,"Handler Only",3
8844,"Indirect",2
4635,"Direct",2
1853,"Direct",3
6601,"Direct",1
4612,"Handler Only",5
7600,"Indirect",2
5637,"Indirect",2
4289,"Handler Only",4
3621,"Handler Only",4
7992,"Indirect",4
8809,"Handler Only",1
1910,"Indirect",2
7510,"Direct",1
1101,"Handler Only",3
4540,"Direct",1
4241,"Indirect",3
7284,"Direct",1
8067,"Direct",3
2455,"Indirect",2
2936,"Indirect",1
1759,"Handler Only",1
2858,"Indirect",2
1990,"Direct",1
1754,"Direct",1
7088,"Direct",2
3551,"Direct",2
7914,"Direct",2
2701,"Direct",2
4778,"Indirect",2
1560,"Handler Only",2
8268,"Handler Only",1
6214,"Direct",3
9091,"Handler Only",2
8961,"Handler Only",2
4416,"Indirect",2
1597,"Indirect",1
9837,"Indirect",3
7437,"Indirect",2
3947,"Handler Only",4
2207,"Indirect",3
4090,"Handler Only",3
1308,"Direct",2
5345,"Indirect",3
5822,"Direct",2
5376,"Indirect",2
5423,"Indirect",3
3532,"Handler Only",3
9015,"Handler Only",2
5933,"Handler Only",4
1416,"Indirect",4
4807,"Handler Only",4
9538,"Direct",1
5590,"Handler Only",3
7202,"Indirect",3
8011,"Handler Only",4
7599,"Indirect",3
4434,"Handler Only",2
4345,"Direct",2
5398,"Indirect",1
1206,"Direct",3
7448,"Handler Only",3
3057,"Indirect",3
4622,"Direct",2
6904,"Direct",1
3548,"Indirect",2
7570,"Handler Only",4
3391,"Direct",3
2545,"Direct",2
7897,"Direct",3
3090,"Indirect",3
7538,"Indirect",3
4758,"Handler Only",2
3217,"Direct",3
9788,"Handler Only",3
4453,"Handler Only",2
6785,"Direct",2
2634,"Direct",2
1213,"Handler Only",2
6895,"Handler Only",4
5129,"Direct",1
9556,"Direct",2
9889,"Direct",1
4749,"Indirect",3
7750,"Indirect",2
3773,"Handler Only",3
6522,"Indirect",3
8444,"Direct",2
3192,"Handler Only",4
6754,"Direct",2
9406,"Indirect",2
7058,"Direct",1
3999,"Handler Only",3
8327,"Indirect",2
9548,"Direct",3
9517,"Handler Only",3
8451,"Handler Only",2
5485,"Handler Only",3
1040,"Direct",3
4797,"Direct",1
4990,"Indirect",4
1257,"Handler Only",4
6598,"Direct",2
2234,"Direct",3
4937,"Indirect",1
1533,"Indirect",1
2233,"Indirect",3
7214,"Indirect",2
1995,"Handler Only",3
6540,"Indirect",1
4960,"Indirect",2
3966,"Direct",3
9767,"Direct",3
8983,"Handler Only",4
3573,"Direct",3
4285,"Direct",2
1180,"Handler Only",3
8546,"Direct",3
8525,"Handler Only",3
6224,"Direct",3
2684,"Handler Only",1
5231,"Handler Only",3
2910,"Handler Only",2
9382,"Direct",2
4083,"Indirect",2
